1,mseif0,$2a$04$ZRSny3.AUt8ea6ryxypLE.tOwbiRdgtGWeqt9.a/HlvaGhl2wd/Sm,Marnie,Seif
2,agettins1,$2a$04$0C7VCuPf065FGBjiYHASI.NVycSC03FUXsEUQeNC.upo4r6ntBNsK,Abdul,Gettins
3,kseeger2,$2a$04$ahg9O/tHBWwIEql3Q6Xex.tS4U8dm65drm78jcIc45hOIn/5fRqaS,Kayley,Seeger
4,sbrookes3,$2a$04$XGvH8DdlEdPSMfZFmwq0H.UiZzRADVXj09jYchltodO9dPxNXnF3u,Stanislas,Brookes
5,abasili4,$2a$04$p4FS/gRKlZ62IohhCgxQA.8ureykrv41cyxr4zMr/MoTq7gSlFw9.,Ardelia,Basili
6,mstammer5,$2a$04$GeSQD74YFw1SxAqADtIMrOHzNWq9GQ8SAOQFFuu54.sCQURHRXrTa,Maddy,Stammer
7,cstanger6,$2a$04$VeBpAJzWYOMJPoTf.i35UOpS5cX0I2YnAf.9nFYrxwLJ0CvereC2a,Charo,Stanger
8,joneill7,$2a$04$/Z2g1nVyUo/kE6HWkCek9OfZbAor/KLURJgehCkf7xvtw2e/rRjPm,Jacob,Oneill
9,mseiller8,$2a$04$zzjbQu3N5uqRETkcRalAgudu3gGN6SKspxNKcJgJPNwdizJ1uoZtK,Mallory,Seiller
10,sgregson9,$2a$04$smHbATuOXVl9Env8cVK5muUXcatDxF56tg8znd3AsVVM4uBKifDcC,Starlene,Gregson
11,fmulmuraya,$2a$04$s0yvoVKtQC4rY0bo5wPvruA6G4nkLr4H7Rc4e.IJX3zCQuoGATjTq,Franny,Mulmuray
12,klegateb,$2a$04$7rRkhRHH1I.RXsrEXJMPR.0FCqC99c9SdaOC/xANJ.UfzO5zkLyIC,Kailey,Legate
13,mormistonec,$2a$04$wgA3qwMRrlAYcWdIMJ.h1.secdz86j4Zh7K45uUQhm7wpciI7H3z.,Monti,Ormistone
14,dbrandaccid,$2a$04$kYFWseAPFSxheHlkGOQpd.D.w7K1LLKnJXXj5MqHgSNRJIVcqRX9S,Dennet,Brandacci
15,alivette,$2a$04$TXJzM0U04lYF0xxa0zu3fOMFv5RgESTOWSFkye8499wfCxsRjR.SS,Annemarie,Livett
16,okalinkef,$2a$04$fVID28xqXd7gWkzJxnT5hu3QQz.ie3nHXOF39ieIXzJ.vz6uTTcsa,Octavius,Kalinke
17,vrobakg,$2a$04$/1lrBgHnsY7Dcd3822SAz.VrOG6OmbSrb781bu4HQvGbXCrQIdFfG,Vilma,Robak
18,cpokerh,$2a$04$8OjYygeXLBj0hbFV3UN7b.46MidZMRhhlLKAY3NmTb.Fh4gTuafMi,Carmen,Poker
19,lpecholdi,$2a$04$GZqHeMzmyLD9nl.YCJpoDeAP.mCnZxCF1gRjoizb8WHt7NLJJX6Om,Laurens,Pechold
20,rtuberfieldj,$2a$04$ZZ5bi.HLQqYBAkP8c3Y.W.8CoeYY9VIpD5sXOSHuvb0MFy1Z1Gm76,Randell,Tuberfield
21,ngriggk,$2a$04$rf8g77cxhIZ/Hbzw4Y7nCe6jTIuxr4.jPVoNcZvayopmv1O8P9m1K,Nowell,Grigg
22,lmackeyl,$2a$04$sM9nff/qAnj9aVqsqeHgvO2yuvmyPwA479n4rVA80RWCGvzxXy6dq,Lona,MacKey
23,fjowittm,$2a$04$vTHn8BJzPvHrcQh8HVLVB.4JmxE.N9Yt5AD0zdqjQkSlAHFhJUM0.,Fonz,Jowitt
24,vlammingn,$2a$04$uOlYTmze1LsyGYVApLsy7.//FW4A/i93IJEWyNNid6XNY0Fbpqvfm,Virgil,Lamming
25,acamplino,$2a$04$OXydmnxhFAk8b671BCTpfuZTixQ6hFn7o.5.OjPaQN8Blo0jh5r4u,Amil,Camplin
26,sdudeniep,$2a$04$eR7jekJ5Q2TSe0kgZS8Pr.W65OP4T3vMnRed/ar/rdTogi.1.0dBi,Shelley,Dudenie
27,bshovellerq,$2a$04$UWJ/hZJ6xtU8GL61NeoVW.qZ3vjm6a6NSD49nT5VNselI00oYjQCG,Brendin,Shoveller
28,jlesterr,$2a$04$pW6lIpPqwvBXRHWnLzy/4.Z3aNhVTQLvP/uD/KPivaLGw8EfdNRQa,Jeana,Lester
29,sstollenbeckers,$2a$04$DEjK22.aTGWa2fBVTExFiOvFciFZEHwOS72Z1/9pTwqSYPw8z5mde,Stearne,Stollenbecker
30,vjollyt,$2a$04$iy8a.J743CH/fLp5ysJoOeQUbUvdYE/0TqEew9/DE4dTsQpgV07d6,Vonni,Jolly
31,bofalloneu,$2a$04$Jb8DVOZycueqJzJnuDfQMO0W5uhvY4srHZBoTSK04TY3pYXqJ2vcy,Bucky,O'Fallone
32,kdevenishv,$2a$04$K7htYQelZ7azwN479kKbJOLiF2Gs./SFYOdL5BsT3gBgoin3ksU4O,Koo,Devenish
33,badawayw,$2a$04$SzUA0DZJvK2xljBq9/eUK.fKmDEz7Tf3S81axuYQfGBqY.7yGWo5q,Brynna,Adaway
34,ahoonahanx,$2a$04$Hk5PgoTeeQMdP4Mj4bP96exF7WfagvF74sLwRgTU8F8Zsysr3Xna.,Abeu,Hoonahan
35,lvasilovy,$2a$04$srUQXzNVUVrTF9wcJpEYpeO.qnBOIiA13tfiEPm9TH.vSUoL065B2,Leanor,Vasilov
36,mpatchingz,$2a$04$4HdiTORCMT5fKaHunJ1q.ubwUpZrEZDKh93n/yQyUb0OcYy/5/dTO,Mead,Patching
37,pchazier10,$2a$04$Yx/yqfY8JC8UbNofkbpFaOSRH/g5ipq2M5xzumIMn0KY6uTS69HmG,Prudi,Chazier
38,galwin11,$2a$04$Vm1V3TwAgy38iZK7jXQDoulP.0Jg3oJHB7bZYP9lWx7oqrJWnWWVy,Giovanna,Alwin
39,hsouter12,$2a$04$YUMmwXXGHpy7zNcvBaMBe.8a9Dn.4DC4s4hRJ.BKKfLY10Bpi6W7u,Hastie,Souter
40,djanosevic13,$2a$04$RdHqiFMpSfG7Q2tj32sYqe91VNafyWv9cycoej3sGJCNG9ijaPBzu,Derek,Janosevic
41,jconichie14,$2a$04$VXCHzKytp0km6WzkpJhFrOWzV5HVusFZ8RcHx2MnKDM.m76RugNlW,Janeczka,Conichie
42,akubas15,$2a$04$4BpuvRQJy6A7jcDCKWpubOHAuhnukc6gKXyOjy1d1TKZIZJMbsk1S,Arlette,Kubas
43,nveivers16,$2a$04$OS9tp1wkG8gx87H2TuByRe3rMOefrhzQh6ed4laxb2Y.HSWOengoi,Nicolle,Veivers
44,hcastagne17,$2a$04$QxhCtTHbDD.ELa8rLJwLzuD32ZoWLQ1PYy.iXTJ3/qEPVzlIGdBfu,Hyacintha,Castagne
45,dpropper18,$2a$04$tbXoUwbVaPqbEcNuGFUowOC6M8m0s8LluvrD7CNrIyX6nH3OUTmlW,Dionne,Propper
46,jstain19,$2a$04$dU7DHgYp6Y8oo24qn0Ds0uSNId/cfCTjxhuC1/z5Y7I/JbxeVVV.W,Jorie,Stain
47,mpreble1a,$2a$04$00.QUAE0i/1McMK7t14NLeAGmREVAZ7bmdqLhW/6eUkM6.gRBHZeu,Mariya,Preble
48,bcowlin1b,$2a$04$HKbmuA9aY9nvSC/EN2MXE.RC7giCGuS7FMZ3OZ6BNeAB48uKz1I.C,Base,Cowlin
49,mpanswick1c,$2a$04$ZQPArnmbSs7/Thegsk9uz.OKLWhjz6rADPhAQEWK7.qWV2n8iGqtC,Mikaela,Panswick
50,kvelareal1d,$2a$04$SFJFCAbNLYm0Rj/ddVyMjuqNEhaEm6OANPVu2mLmCfzc/w.glMg0m,Klement,Velareal
